{"timestamps": [1561767827.2982678, 1561767828.1363106, 1561767828.7792652, 1561767829.343694, 1561767830.023033, 1561767830.7429032, 1561767831.3778841, 1561767832.1815338, 1561767833.0354123, 1561767833.7215958], "initial_reset_timestamp": 1561767826.6436806, "episode_rewards": [-5.0, -5.0, -5.0, -5.0, -5.0, -5.0, -5.0, -5.0, -5.0, -5.0], "episode_types": ["t", "t", "t", "t", "t", "t", "t", "t", "t", "t"], "episode_lengths": [59, 62, 62, 55, 50, 42, 42, 61, 62, 57]}